,Global Mean Error,Root mean sq. error of local shear stress,Global fluctuations error,Root mean sq. error of local fluctuations
train,-150.33384682836837,168.91618055830997,42.41559312598629,192.1310052163345
validation,1261116.7554942144,3301064.1027037394,-47.11979476429038,113.09796529477872
test,-4109617.8889588974,10671315.830596423,-47.12258283540815,113.10586271645195
