,Global Mean Error,Root mean sq. error of local shear stress,Global fluctuations error,Root mean sq. error of local fluctuations
train,-150.73073854657383,168.923850326327,42.879889919771024,192.53287350052403
validation,-150.6195516836114,169.08010508719417,44.27889895729171,193.69866463546282
test,-150.73206272204413,168.79022459383813,42.13722209859851,191.93947363304608
