,Global Mean Error,Root mean sq. error of local heat flux,Global fluctuations error,Root mean sq. error of local fluctuations
train,0.42746662286066806,12.785707793553152,-0.2037677514093221,30.62518562518794
validation,0.4258911553431035,12.818893839766373,-0.18805397245707636,30.689722403495118
test,0.5702292592322677,12.803003049519472,-0.17102309627531936,30.681432001340163
