,Global Mean Error,Root mean sq. error of local heat flux,Global fluctuations error,Root mean sq. error of local fluctuations
train,0.07628016824554608,6.962702372573597,-1.279019448020471,16.682441814898493
validation,0.08311880779081779,7.784815293327658,-1.3832938362204807,18.658825382337586
test,0.014307411188330796,7.766968003832407,-1.3551042933904993,18.60177490802212
