,Global Mean Error,Root mean sq. error of local heat flux,Global fluctuations error,Root mean sq. error of local fluctuations
train,-3.1199093192608163,24.716337290422512,-45.37747946223541,58.853212068315365
validation,-3.124544645091025,24.852885809301064,-45.43045290434583,59.1265670328438
test,-2.886222371066867,24.85994742143931,-45.47104681106112,59.15345200249499
