,Global Mean Error,Root mean sq. error of local heat flux,Global fluctuations error,Root mean sq. error of local fluctuations
train,0.5155539349056445,15.686118035544085,-9.849371416351387,37.52396559166129
validation,0.5484836508349376,15.69258546208693,-9.802639807276838,37.59518558218376
test,0.48577722620080876,15.650677619478168,-9.734907993508294,37.494664830999746
