,Global Mean Error,Local MSE,Local MAE,Fluctuating MSE,Fluctuating Error Std
train,489.6818301939897,413192.0420960605,35.92533503779462,1.1800906473820957e-14,-5.407548913509273
validation,-463.14392591521863,325634.9170833334,35.75232841498994,4.878204021888713e-16,-5.276011179429154
test,-210.19902190990845,120174.58885901922,38.70702137625513,7.252658893473374e-15,-5.878353103542368
