,Global Mean Error,Local Mean Error,Fluctuating Error global,Fluctuating Error Local,Fluctuating Error Std
train,1.6201193603289954,22.577679011142138,-1362157940.1585763,4.942718468732311e-09,-0.05452929453853313
validation,32.10101013434534,429.5626445820841,2667577279.0,1.2894249575936436e-08,-0.051739424387318204
test,2.3611008678410106,44.77301912001384,330894575.38055843,7.324754586778894e-09,-0.05328062950843823
