,Global Mean Error,Root mean sq. error of local shear stress,Global fluctuations error,Root mean sq. error of local fluctuations
train,1966.9433556818706,27513.479738042275,-5.624084937345743,2.446910190174687e-07
validation,4816.450020432907,69898.76770052727,-6.050042075331193,6.024141416469931e-07
test,-560.8992390068978,8466.116173053731,-6.341816362248758,4.0439499061602295e-07
