,Global Mean Error,Root mean sq. error of local heat flux,Global fluctuations error,Root mean sq. error of local fluctuations
train,1.8184799669432008,15.23744733614723,-8.104493344533251,36.23146431078646
validation,1.844947887471004,15.243955504701162,-8.07763785042805,36.29659452926105
test,1.760590484523841,15.207965058800152,-7.988902170774451,36.20762562104851
