,Global Mean Error,Root mean sq. error of local heat flux,Global fluctuations error,Root mean sq. error of local fluctuations
train,0.2594063751780716,6.796429257786454,-2.6595329176753,16.27698025095788
validation,0.2698784468840544,7.925737851792561,-2.7481622773478853,18.990419801948327
test,0.1980860610768891,7.911294696697468,-2.71936210660345,18.94125713548607
