,Global Mean Error,Root mean sq. error of local heat flux,Global fluctuations error,Root mean sq. error of local fluctuations
train,-0.20747735687152566,18.16697918625552,-9.573804989489137,43.55855888509967
validation,-0.18459311296763675,18.381325925179944,-9.556575788046958,44.033684553365084
test,-0.24450838717480447,18.382304358147106,-9.560420059563924,44.040340524733764
