,Global Mean Error,Root mean sq. error of local heat flux,Global fluctuations error,Root mean sq. error of local fluctuations
train,-0.04265606557384328,16.65753144257563,-7.602255504709851,39.9429789590522
validation,-0.04113665244343285,17.64798182722825,-7.767507360625025,42.28011049851604
test,-0.09049971870230052,17.653365784859673,-7.757622733373873,42.2970584453623
