,Global Mean Error,Root mean sq. error of local heat flux,Global fluctuations error,Root mean sq. error of local fluctuations
train,0.056682803993046496,16.88980853544548,-7.40399386704311,40.307520394151034
validation,0.00923480731953964,17.895946568486433,-7.73775448985958,42.72002587078389
test,0.07870360706233047,17.568731439765752,-7.283299064761617,42.23681592259734
