,Global Mean Error,Root mean sq. error of local heat flux,Global fluctuations error,Root mean sq. error of local fluctuations
train,0.7300159936514408,9.608773985712288,-1.2862703246092864,22.942454340641845
validation,0.73868784577769,10.7438296061997,-1.4456508903060672,25.702844523650292
test,0.6494150638238821,10.705108263534779,-1.3773548150246193,25.61053324822538
