,Global Mean Error,Root mean sq. error of local shear stress,Global fluctuations error,Root mean sq. error of local fluctuations
train,-0.749336918648268,22.748230979424445,-15.077769615635722,57.44495955347352
validation,-0.7480707413474861,23.051927031852628,-15.196502879017649,58.07437816783807
test,-0.8896197031053359,22.93651066054648,-14.46832438311993,58.251090073256165
