,Global Mean Error,Local MSE,Local MAE,Fluctuating MSE,Fluctuating Error Std
train,-0.4496115159923094,5.929619309489395,16.47530572206322,1.0601481424822573e-10,-10.799541432239312
validation,-0.54797158577807,5.666220258554556,16.348860320860993,9.317654643043519e-12,-11.921746555378745
test,-0.9982412580479034,5.830715499440451,16.658071885035124,2.4540047907929173e-12,-11.762170661099843
