,Global Mean Error,Root mean sq. error of local shear stress,Global fluctuations error,Root mean sq. error of local fluctuations
train,-0.7891349845537918,24.753108144215155,-10.315692016210418,6.042228210779668e-05
validation,-0.9424919588112899,23.31042560819239,-14.002807886444055,5.311018809387802e-05
test,-0.8406132148784415,22.549130344543837,-14.814224655016956,3.7408031612568295e-05
