,Global Mean Error,Local Mean Error,Fluctuating Error global,Fluctuating Error Local,Fluctuating Error Std
train,-1.024506536781635,23.42641989666195,,1.7844292861564166e-05,-13.31119005474676
validation,-0.8095060837787216,22.556498041933654,,1.2721936795476469e-05,-14.206448535689445
test,-0.805134900582415,24.48598588856869,,6.5221432406087e-05,-10.846631655451779
