,Global Mean Error,Root mean sq. error of local heat flux,Global fluctuations error,Root mean sq. error of local fluctuations
train,-0.7387880814552102,17.010846627046867,-8.556651064541338,40.787571766587504
validation,-0.650862139302895,17.782697126089637,-8.203272449434987,42.85739105973667
test,-0.6281720372042259,17.760237803213947,-8.691255979248007,42.302310241984294
