,Global Mean Error,Root mean sq. error of local heat flux,Global fluctuations error,Root mean sq. error of local fluctuations
train,0.030760653126404792,16.907990571574064,-5.565930576088773,40.60367512435861
validation,0.04345881082741713,17.527263132757664,-5.492952496035499,42.06341796284964
test,-0.011651000181288661,17.646351565467675,-5.992882550975472,42.17463522363407
