,Global Mean Error,Root mean sq. error of local shear stress,Global fluctuations error,Root mean sq. error of local fluctuations
train,0.5740120164695829,12.302009428802767,-0.1807200565529984,1.6009557154091802e-05
validation,0.4467217650476407,14.234090236971522,-0.5775216485553063,3.691522957097814e-05
test,0.5399824982496965,14.113342287325617,-1.0325258890011604,2.0620069366968494e-05
