,Global Mean Error,Root mean sq. error of local heat flux,Global fluctuations error,Root mean sq. error of local fluctuations
train,0.015876083161994722,16.96061414657607,-5.420441686746471,40.670300654167704
validation,0.024286095028340535,17.55034354794424,-5.476023934165916,42.046771417643214
test,-0.024448567839435335,17.537276065750255,-5.517119006116031,42.01940429835421
