,Global Mean Error,Root mean sq. error of local heat flux,Global fluctuations error,Root mean sq. error of local fluctuations
train,2.63590599172438,24.652643044709837,-15.369047027520674,1.4979812440870103e-05
validation,2.571093325502203,24.845702447413064,-15.360660455854266,1.946393055781053e-05
test,2.6303752122079604,25.19852739136404,-15.651926260095983,4.254220399043993e-05
