,Global Mean Error,Root mean sq. error of local shear stress,Global fluctuations error,Root mean sq. error of local fluctuations
train,0.6899579094674682,23.816980632130967,-12.434330878425728,60.25084391899536
validation,-2522063.789329245,3766460.9189020293,-67.7042055119175,105.10347993288856
test,8026125.479122486,12178143.556360401,-67.63603883861063,105.129813032157
