,Global Mean Error,Root mean sq. error of local heat flux,Global fluctuations error,Root mean sq. error of local fluctuations
train,-14756.064928639096,14237.513509878687,8756.50577532126,9222.396795588667
validation,-14749.624231789388,14230.113973943531,8758.88469808853,9226.87213338491
test,-14008.83769516178,14226.786118278926,8748.102568511604,8812.71888263113
