,Global Mean Error,Root mean sq. error of local heat flux,Global fluctuations error,Root mean sq. error of local fluctuations
train,-3.121738885906867,24.86330448638022,-45.620268277174844,2.3548969420618292e-05
validation,-2.958891770414469,24.911629212505396,-45.61691553946444,9.758425013750004e-06
test,-2.92733385880254,24.69425020214638,-45.287033352203046,2.593021065194937e-05
